Song,Artist ,Album , Cover art,Year
Godspeed,Frank Ocean,Blonde,https://cdns-images.dzcdn.net/images/cover/aa7e6de00b0810f5051aa60b489f58d8/1900x1900-000000-80-0-0.jpg,2016
Boyz Dont Cry,Rod Wave ,Nostalgia,https://upload.wikimedia.org/wikipedia/en/6/65/Rod_Wave_-_Nostalgia.png,2023
Wildflower,Billie Eilis, Hit Me Hard and Soft,https://albumart.publicradio.org/mb/02/02a544b3-0459-42c7-bd9c-047162e7b67a_5875.jpg,2024
Pray for you ,Jhene Aiko ,Chilombo,https://i.ytimg.com/vi/QVDj_nzgSkI/mqdefault.jpg,2020
REAL WOMAN,Partynextdoor,"
PARTYNEXTDOOR 4 (P4)",https://stupiddope.com/wp-content/uploads/2024/03/PARTYNEXTDOOR-Drops-New-Single-22R-e-a-l-W-o-m-a-n22-2024-Release-1200x900.png,2024
Passionfruit,Drake,More Life,https://media.pitchfork.com/photos/5929f3abc0084474cd0c5732/1:1/w_450%2Cc_limit/6f8440e9.jpg,2017
Sorrows ,Bryson Tiller,A N N I V E R S A R Y,https://i1.sndcdn.com/artworks-e5klfIO5Hx41-0-t500x500.jpg,2020
Be Free,A boogie with da hoodie ,B4 AVA,https://i.ytimg.com/vi/603nudxFUlk/maxresdefault.jpg,2021
Selfish,Pnb Rock (rip),GTTM: Goin Thru the Motions,"data:image/jpeg;base64,/9j/4AAQSkZJRgABAQAAAQABAAD/2wCEAAkGBxMTEhUTExMWFhUXFx8YGRgYGB8dGhseHRsaHRoaHhgYHiggGBslHh4YIzEhJSkrLi4uHiAzODMtNygtLisBCgoKDg0OGxAQGy0mHyYvLTIvLTUtLS8tKy0tLy0vNS8tLy0tLS0tLS8tLS0tLS0tLS0tLS0tLS0vLy0tLS0tLf/AABEIAOEA4QMBIgACEQEDEQH/xAAcAAABBQEBAQAAAAAAAAAAAAAFAAIDBAYBBwj/xABDEAACAQIEAwUFBQUHBAIDAAABAhEAAwQSITEFQVEGEyJhcTKBkaGxQlLB0fAUktLh8QcVIzNicqIkQ1OCFsIXNLL/xAAaAQEAAwEBAQAAAAAAAAAAAAAAAQIEAwUG/8QAMhEAAgEDAwIEBAUEAwAAAAAAAAECAxEhBBIxQVETImHwMjNxoQVSgZHBQrHR4RQVI//aAAwDAQACEQMRAD8A8hYVyPP51KWnnFQsdd9aAVcJ1rtNigHRXRSC6TSVooBzNrt56U1UnQD867vypfr9TQDBXRUq25rptafWgIhXDXSK6KAYlJ6QOtcZtdKA6WPL40kFWcBgbt45bVt7h55VJj1Ow99V1FAKmkU402aAUVwL5gaHfyB005nb4cqRpGgExn1O5JpppTS+lAcpUidaQFAcpUqRoDlKkK4TQHKVLMOtKgL7iPTr9fxqM1IG+lNKnfl+jQEZNdNdyTryrjLQD8tNK05F9Z59BTtDIHL6frlQDBO1S2E1A3mo/wBfSpLPhM6yN/LpQHU0O8a1YQToDtzqTh3Drl8sLNp7hRczBBJA25DrsNzrvWt7M9g8Y2ZriiyhEAXN31mCFJYIDBKyM0Aab1Em0sEowLjU8qaxjfl+hXovGOzbWWyG6HMBndl0LAwHdBplXa3ZHh67a0LnDGB0YjK0ydXDHd5/7mJbkdrY212zvUWdms+/f+8HWNFy4KfAuH97btoLaFmB9pZ5kkSfKrv9wLauqbmHXcmMsqQNWOS2fFAkx6UW4TeSxle5AyW2CqCWQNp/hhvtN95+ZNN4fxlDibFoL3SBbhC6n7JnXc+Q8q3yqS8PdsVlH75/1075KKmk7N5uGbPaHDpat3Vs3Fw5jxqgCICYEiQY81BFeX/3aTfeyEZnF10CqwXRCdswPIGt1Ytu3Be57u53ndd3k7ts2bNp4YmIAM7UPtcOY8VUwQDF8hgVIEAGQwB9uR89q8qEtl7GmS3WuZLGcFvW9WtOq9XQga7aiRPvqLB8HxF7/Ls3HnmFIX94wPnXovaK5cTCYxir2/H/ANx84ZcwE2xP+HO8H+YgwXGWtYLBsmVmutbtHNsNCpMAiSMtXWona9upTwot2MzhOweMc6i2n+5yT/wB+tAcXhAjMpeSCRoNNCRvNetLxC6l+4uj2Usly4WMrifBIMNprG4+uBwEWMKMUVD3rj5LZYZgkKC75Tu06CfzpGtN5Y8KN7Gb7roQff8AnTHQjcVp8J2kuO4TFRetMQGDKsqDpmRlAKsN9KI4Xstam6LuZhbusi+KJACkExzgiu0KjbsylWnGMdxhKdXqtzszh00y2xdMQMpJBMCS52IGtY6zwEGcqgwxUksYEAkkyYCgA6mkq8UrlIU3LgzioSYAk/yn8KaTW1u9iLRwxxP7fh0PdG4LBjPIUkJq+jGI257Vh9a6p3VyrVnY6Kju1KBUd4VJBFXaU0qAK5J/XnSAjkYq1bRRrzEn5gL6ann5VDdgnegIt9PfT8JhHuki2hYgSYIG/qafYVVdc4lcwLakaSJ21+XoK9TTs7h0Rr+HtxmXQBiQRvsxIHuipRWe63l5PNU4Dif/ABH95f4q5/cOJ/8ACf3l/irZYTitt2ySVf7h5+h2P1ohlMAxptNdFBGGWqqxdnFff/JluBdjLt0hrx7q3mymILmBPKVUbCTrrtRPtvwMj9ns4TD+BQ2x1LGIJLQSd9ST7q2fBiBaJO2Y842Uf1oHjcc5xFojc3kHkqBxmPw+s1Tbk0KrJxjZZZquA8LTh+GFpApuGDdcbs8a+4bAchUfE+ORIVvEBr0X18+g3PzrCdoO2pvYhu6Z0taCDpmI3eIlQdNJ5TpMCThd8HWffz/9Rzbz5VwqycY4NsaechS/cLNmYmQfUgnoOdw9Nl9domt/w+HcTuidXP2m/RV7EIkBnVTOUDMJk/YT7zHm36PLOJRwcjq0HKcjA+qL031bnPnrhhG8rv37993phKwN4xbGUe8aeyI+yvWObcyfec/wa+uFxdq8FzZSfACB7SsuhbQe1RjtJxBUURBYyJnwiI0UfdE78yTWLxGILb869OMvEhZ8FK0z1O72vxIMpw8nX7V5Rp7gYNZbtHfxmMdHbCKhQZfCwM6zqS3L8avdleJG9Zhj47ZynzH2T7xp6g0ZUdBSOlprKR49T8Qrxk4uxhL3DMWy5TZciIAzrA0jYtWi4Vwu+2GwdtrZ/wAPE5nkjRc0ydehOgo6LLROUx1gxSW+yiASBv8AEVFTTpxtEmn+IzUr1FgpcQ4Nftpju6yG3eSVUGCCQVYBfZGYneazeCw7dycNibdxEzC4lxVzd2+XKZC+0hA2H9Nc10nck+pp9jDO+oU9P0arHS2jZss/xKTl5YmJwvDsNZcXLmIF7Icy20RgWI1GYuAFE770a4Dca6ly46w73WZmzSDIEKF+yF6858q069mmujxC3H+rX8Kp3eHdwe7gAb6bfOrQoJSvctW1snDMbEuJxIcS1vM8QTmhTykj0rJWMUFW5ZyMyvcM5eQG2U9QYMHQ1qsPhmcwiknU6eVMvWWX2gRy1FVnpVLhnOn+IyjduP8AAGNu0MOQ1nhoc2d7ne/tElT4ioSA/TWJivOQdK9gJY22XPdAKtot2+q7GfDbhPn614+mwq9rYNUJ74qXc5XLo0pxpNtQsQUqVKgD+HUkHT37/wBOWtaHDdi2u2luW3GYifF7LdIgnL01mfKs1hsRuo2Ij49Omv8AWtH2c7SHDt3TmbJ0mfZYnV+pU8x7+sgB+JcLuWZF226mfaI0M8s2qmfWi3YjFPnuIGbIFBygmASdT0B3/QrV8b4hdFmUW3ftMpLTqGX1BgjfXWh3ZVlXC3Mlru81ySS+Y7ABZIBAAzaGTqTOtSuTnVdoNoo9p+GoXVrLf4hIIH2pnf41oBduGzbW5llZHhECQfEYk7n6URsYS2BavCSCQIPI6zv5iht0+MlgPQHQem8VeMcmStVbp5WWWrl9RhlT7RYsfSTv+uVZzF3T3noo/P8AKi10Rp+oIoJjbwW4ZjUA6/D8KVHtjdEaKW6sr9EdxPDbd4eIQeo3oX/d9+06ojBs7BVnlPOOYAk+6psTxVUG4Hv/AAFUMBxoHEWSxOUOZJ2GZWWfQZqrTnuw1g9qpiN21/Jp7VhbZK21zMfac+03mW6eWw5VFicOrmLiw8eFxGYejcx5HQ86sd53btm501rveOI2Fa7dLYPK3z8S1sdzz7G2XFx1cywYgnr5+h3pi2DWww+HW9cu3FytL6DnCgLMdDlJnzqU4BRugrHUqKPBaWozYF9i0IxBQfbWPeCCPxr1vB8PFtdvERBIM/0rzzhmKtYe+l1xAWTpufCdB1NE8X/acCP8PDmZ1zPpHlAn9c6iM90SYRUpOdsm8Djb8qoccS0VglQ4267behrG2+36sygqUB0LbgHTzmPOj2CtNdYsTOkzAP4iusYrm5StU/oceQalvMYot3oS2qzHn86q4chHYMPIH9cqs3bVsrmJMjl6bDXSpkZaHlvbku4fi6INZb0/nUfE7i3FLhTopGu4Mr/Mfzqxw8WTb7uAxmSIO+n2qZxdc5CLoAPdP6FVXJ3ndwd/bAuAvFWkEgc46UXxnFrdxNR4uQI6bGqJ4VcOq+MEx4etVGwFzNlyNmHIfyq+GY05wVrEV20SDAHPUWWb/klxfpXkKWzlzQcu2aNJ6TtNe9cMwZtmWQjSSdfUTO3uoFgMThsNaIBBLks25BP/ALE6xpNcXyetR+XH6HkJpGi/aHhype/wgTbZc6gD2ZmVJG5Gh9CKExUHQblFKn5aVAXrIiTsfL0pkySPh0qdzvpOnL3+VRWz5D119KA0HYGyHxBssz92UZ2UOyqxGUa5SJ3+VFuH8VW87C2GSwuYpOzeJQXnct67DQc6yPB8VdtXBdRSSAdhOhEEGOWv0qTBYO4LbQrDJB6EBtGMDcaLr0mpTsznVjui4npeH4gVQpEjcawQeoNRKS5GXXlE+7nQXhDHIDuCNBIMD1n5QKtNfAuKpMBpA9Rr8xPyrsni55dSMlLw27h+1gDdQRoUlQY9rntyrHduOA3wqXBbY5fCxQZtOR01ABB+Nei4XGWgoVHEaCCfF05xNWiefuqm5m6nRjiS5PnhRNG+B8DN0530tj/l5Dy869Y4t2YwuJbM9oB/vr4WPrGjf+1UG7OMCAjDINOkR9RVKk2o4RouzMXMPcQBVYMvJXklR0D7x5EH1prYS4wh3Cqd1TSfIudY9APWjvEuHvbYZhodiNqqMp1rFLVVV5bmiFOFk2gJicB93wkbEaR6RtSt8WvW9LgFxep0b48/f8aLMYGtBO0V7JlUAgsM0+Wo+oPwq8KiqYkitahTksgvi2Ja7dOXRdMoPLrqdBr59KrWsIxIGhJI2I+XX3UzUzT0wzscqiT0rurJFIx6IJYXs+z+2CgA001Px0ra9m27tECkwoya+XpptFB+Fm6bEPGcaCTMiNJg6Hznzq72HvE3Aj6ayQSSNjEFiT8+ldoNRdzJJSqXTVmmGOKW4YMSJbUCDoPPz8ql4fhe8HtZSD00q7i+EtccsWCjkNWOnwj0FVLga2uqtpoSAY9Zq265ldOUZOTWAjg3VJDATqIBPwq/h4iTpWdsYoloRCSTIH1M/jVy0l8yO7I1g6iPrqPSqtF4VG+Ff9DRJilUQIAGkVGcWpM6T1qkmEPM/CpVwa1W6NKjNkOKe5clQBHUnT5a15fxfDizlVlBuh2DLGyySsQYjWRH4V6NjuIot9EL5VSWc66kjRdN95/pWZ7UYi5iHbubvdJlyghB3h6nPuq+SwfPWKvDD4KVKkbc2s7GM4riFtIRJ70iADuoPtGD7OnMgb6D7VZcirXEbCpddVbOAfa2k8/nNVHqkpOTO9OCisHf1vSqOKVVOhezsdZ/QroaZhiCNQOVRsvnzqTD3gHlpiZIFAS4J5MMAwkHxTymVBBBAI39BWw7EYEC45BHiQCCVAXUnUsRyG2tRdgLdu7+0B7at7Ovd2mInPMG7afLP+mNvStjwfh9jDwM150BkKTaYzAEmUAO3lVZblmJZqlKDjVwu5JxjhndLacjL3pywIKgqoynTkwHx9axnai81pckgsxkEfZAjkSdd9RWy7acat3rWXW2llRcUkBWLr7KpPhbQHT0rz3E8RsYlg18PbcADPbMgxtKEdelWhNtNMzToRhNVIO6tm1m/t/BUwXHLyaFs6jWG1P72/xrS8J7YbAlrZ6Mcyenl8B60DPZ4vJsXbd7TYeFh/6k/MkUJxFhrbZXUo3QjX+dWu0RspTflw/TD/Y9c4b2psOQrnKWJUMNUJjry57/AB2o/YCsgKsGB1kGQfeK8Cs4hlAZScwaR0/UfWivZ3tHew11XBzJlIZNgQddCNiOR151TNzTaNvU9oNsEGYPrUSYRBmhV26Dn+dZez/aLhSssl1T0ygz5yD9Yrn/AOQcLAOS7JGq5RI8j4oPumpwQaXuVA0AA9w29K82/tCwTftatGj21y+cEggD4aeYohxzt2GWLClTBBLqp+GpHXf4UE4Xxm9jb9i1fIeGOVsoU7CRKxocvTeKibtFsmCvKwX4F2XFy53ejON1MqNAJ8QVtN9Y1+u2PZjDYa2WayTGpK+I+7Y/ATVyxw1rOIF20k944zmR4VI+6BJ189J8qXH+NrYQhiMx2B2ry5VHJZPXVOMHg85wWIVnuBIiTI8QgDX7QkmMx93wd2YUX8YVDE208TeKC0RlIA1IDQDyg1U4heS1cd2t5symAGyyW57HSJ0EetZWzxS/ZzrauPbDxOXQxqQM3tAa8iJr0KMrxPO1EEpep79mGw5UlPTbpFeNcA7YX8MrCO+DGf8AEZs0xHtEnSIEeU9Z1Vr+0yyAubDXuphl35QZEj1j0rsZz0FRSUV5M/8AaZizny27QkjIIJyDnJJ8ZI05fhQjiHa7HX5zXmVT9i34FHkCviI9Sagk9h4pxvDYfW9eRD0mW/cWW+VAL/bhLudcLMJbZ3vOsKgA0hDqxLQPFHPeK8hQEmNfWtv2Pu2jhr2Cyjvr7BszEZGAAhNdo8RG8knbQVWcrK5enHdJIi7N42/iGYOty7BzG4BoD0ZtBJnQb/g3tJxq5YItiy6Oy5g1wRoeYXefIxHSvReJcUwuCQRdt28o9hdYgbJbXr0lRzM7V4px/ihxOIe8c0MdAxkgfqTA01qKdWUvoVq6OlBp9ft+wOYkmSZJ1NMcVKVpl3UD8quQLwf6qVW+7s9W+B/jrtAVnc6H9GT86az+Rp1w+Xu500jyoDR9jLkNd9E/+9bPDYvlp8B9a8+4DiVtlixjNEaHlvsPMUfwPFUZiFO2+hH1q0eTjqFem0Fu0uFu30VbWUgGWUkCdNIJ9/MVkMVgblr/ADLbKOpGn7w0PxrbYbEeda3gvBFu20d7sBp8KrJ0JBBJOm3Q1eUU8mLT1qsf/OKul+h4sraggwRsRv7jV67xe465bkXAJjMBPx/OvWu0v9n2Aey7281q8B4WDaFuQZIykdSAD515BjeGXbZZSASN8pmPdvXOz6HpKzabWQe1lDtIk+7+Q+NQOsaHQ1OjfKpFufWobLFVVkgTJj86sWLDHZTt+FPtXIqd5yyQYM5fMj+oqGwkVHOkBtOYI5+XlWi/s9wIGNss0ZhmYA8vAwBPxPpFZs6t76NcDxq2cYhaMsFW2MSpE+4wZ12qlS7i0Xp2Ukz2TF8ZjwRFwqSuuh5TP4V5Dxzjt27ePe7qSIE8vI1oO0fFmw9u21skMxbL1gjU5hvuI/oK8/vXSWLEySSSfPmazaej/UzVWrtLaibG4kuWJ56e7pVXug0ktB32kE6c+XM1IbZYjKsmJ0HqT9D7hUUVsVkrIxybbuxdyNx9aT2YOhHuMilXQakqNSyIqUW1HKuAagDUkwBzJ5ADma0fDuxmJcg3UNlTEZx42n7tvf3tEee1Q2lyQ5JK7AVi0zsLdtSzMYCqJJ9wrVcC7H3e8D4gqltdWWczE8lldJ9CfxrWcI4PawykWxBiLlw6t/tB5n0090miEHQRB3VTso++3nz/AEBXGVXt79+vCy+ieWddvEffv++F1a8q7a2FXFMEUKAiwI2309az9wDcVoe3R/6xtZ8K66676/jWen+ddzvRd4IZNOJ0E1yu0Ogu7HWlU2Y/e+f86VAVnZiZ1+NS4KyXdUB8TEAbbnYa6b1y4NJFRK0EEbjX0PKgPXe0fBbZw62rYto9saHKAJAkgclkga6/jV3sfg8HjLKm6JcDVgYI2kE89qwWA7W3VgkksVgnfbyrV9i8T3zXHXKJiY8o1A2qVyUqfCzU8U7H4ZLZNp3zdC0z1jaKf2XZe6ZC7EI20DNDA6g8jIJjWrxw4geIk1TRHRmIACkb66nlIqzeLGaEGqikYnt72qcYoWrLnLZBDEjd2gtsSDlEAHrmoHwdnxFxh94eJuQ/1E0exvYZNGFxixJLltcxJJJAEQTr5UTbs7ZW0MhIIAKhYnN94ARJJn6VKklg1WfIBbsDcuXgi3V1XOXUZlHSRmB16igXHuzF/CsFuZWB9lkMg6xsQDO3xrdWe0Rs3CHR80ABmQLmgDWNSomdPKm43joFuWsKyjUG7muaz1uT169KhxvlHR1It5RluDdnW/Y8VisQpW0q5bWnia9mAQqfugkhuskcjFAkXEueG1aZSbg1KiIA7pFJOpOo5mN4Fam7/aDeyQpyKNBkCrA5QOVBOJdp1uoRcsJcLf8AcYt3gP8AvmY8tvKquK7lFLOEZvDOFaTuPT36GnX3JcXFEAGVBI5HbSJ+GupqG7dBEmS07zpEfGffTM+kVUtctYy9ceA1wsq6JmaYHIa7aRUN2yQB6b+pJ+hFcJ8IMf6T9R9SPdSvtLHoNB6DQfIUQHB/jEaaco167fOpLWHZzAEk8h/KmYZlnXy66a66DfSdKt274UOoUFjlIeTKRJOWDBzSJnpUMkJ9icCl3FrbugOmRvCwkaDSR5a9a1XaXs7hkCBLKLOaSB0Aj5mg3YHBOMdZGWe8tsyHkwynUEgSBqJ2kGvRe0nCC1hlZlzFSAAZIOhB+IFSQD+xHDsLaRb9u2itBHeNqw16vOWdNqn4j2jw14vBuygyNeRJVdZ1G+XfxRETrVHgV2xiLVzDsAZOq7a6EMOkED4Vj8fw7EWWNtrRYzozKWHqCZWI67VDzgKKfJ6Mtu1btW5dXMaOxCqSdc0TlHL5VWwosgZb2Kt52bXLOWZ0TvD7ZGnv1jUUA4Xxi7csth7d62lxQQFFoeJQdgzEjygjl76ZgbuKCXEFy6XVDNlkGQqBJEZQLc6gRzqNq9/v/fP1KOnB9DJf2j2cuPuLtCr/ACPoRBjlWYZa2vbC9YuYotcWS1u1DNdOo7tdcqCRvuxNBuKcBUW+9ssSIzZSQ0rzZLiwGA5iJEHU6xclKysBRh2kAqQWiJEb7HWoWHWup5VLausDKuVPUMQY9QaEkM+dKpP2hvvt8aVAPy8syj4/gKb+zdGB9A3v3HIU4aRBgfjUveZdQdSCOkAj5SDQBPgNllYOpHh0YZfrpHv5VtOBse8LJaClkg5QFBg8gIBOu9eeYfGtazZYltDOulGuxeLud7c8TQFEa7a/lUx5OVZ2g2emniPdhQVcszBQo38ySTAAEmSfmQDSvdolZzlBaGyrljxt0TXxRzOw1J0DEZ7il4hfaaCYyr7T7+AdJ5npO2pFTAYK54rhui3kUhnWCLQ5W0gQbjHLoB0OnhUqjUeSNC4yvKT46GkxuIuObhAAS1HeOfZQkjKkrJZzp4VkwQPtCXIb1o2yVJLAkwVOXSYdpKoY5TMeQMAz2gBwyi6gTJHdIp8Kfaa6VnxXm11YmPFzJJGWePaNDErt4hAI316E61xTb5Rsau8mju3Ljvae8i2e8UlCyksVB0kkf4YMzqoOo2oH2j4TdN5mY5gqKw8eYANABGvM0UwHERfKC8xZVffNrDHUAwdNAfjRvj/cgqLWU2zaGXLqPFcXX18M661RVZQkvfUmNJSaS5yeW8TwrJcKtoYU/vKG/GqzLpvRrtW2bEyPtKPkWX8KGYi+ndC2LY7wOSbmY6iPZy7b6z5VovdJ+hylHa2iolyJjmIPpTKVKhUI8G4Y983MisciF9BOo9kHyJ0qlh8M76IC5iYUEmOsAVoexvaRMH3pa13hZRlGkSDMGdgdNRO2xnQXheL3LWJOJtnKxdniZ0ZiSp2kQY5ddKqr3JxY7wLBWb2ZGdlut/lERlY8lJ5En61d4Xwu4t20bgGuJSzlb2i0jUjbLqOes0W7S8QRrRvsE7y9a7tRlXPOa21xswGqxoCfFLEDQk1n+Kcce8tlYyi0gXTct9pz1Y6a71PJCfU0+N7ZG1fv3bQBY2xh7RI9lVbM5I3IOwE/SsfxPHXb7m5dul2MTPQbACIAG8COfWnX8ObSIG3fWOgEQPn8hVe4BHLbz12/rRMJp8BfBtcsAOc6z4jcgkyIZbayIkMAWGhncgLXp1jHPismIshRaFrO2YKVOrhgRqScyZeoAbnAPnq4kXxbN1DdCKNWZhMgSIQjMw2knlqK03YTHJauXMNcLi0Ye04JAhhDWmI9xjqGOk1ILnanGW1dLmGS1qsHwiFIjQFSB9oDoaFLev3biG7cuBuahyF0BI0WB7q1fa/g4vWxctNbVUTLlA01I1UgegrJBLqXrcK1wky2WTKkODBIABliY/0irL1OU0leMfiaMp22/wD2j/sQR5AVU4DinDNbXWRmUbkOuoIHVgMpHPToK0Hbbs5imxJZbWcFV1Vl0PnJEcj76Epw44RDcusveMMoVSGCg7gts7kSIEgCSTIiofIopqnFPsBMYgV2A2B0HQEAge4ED3VGDT8ZiWuOzufE2pj0gADoAAPdUE1B1Lfe2vuv+8P4KVVc3p8KVAWCcu+pOw6ee2vpXLnU6k9CN/1FMe5JknWm550/W9APCEjT9bVpexhSWAXxZZLzv4tFC8gIOu5nyFZdl3FaTsZcLXrjHfKJ5fa6bCrR5OGo+UzR8ReFkMFHNjqQP9IjVjoB689jTtsykZRlZRKqfZtKZm5cM+JzrpPX/U1W+INABCgkGQzeymhlz1gTp9NxRRdFEFsxlUPtXW53Lh5KNOWmmnsrXRnnQwvfv39SlxLIS2sZSFGuaTABZvfOwrP4h2BZDDQSDOgJGwIJ0jXY0W4vbZnW3bIY7Zl0EiQeewMjcmR5UV4N2PQrmuyzb6tHugVkclHk92KdRXiZPA4plWTtGkHlMaayOdbs4gCxhiAB4SpjclGbU85Oh1oF2m7P27al7YgjcA6MOfpWr7ScOS3bw4tW8oOYDSCxOUCSdSfM1TcpNWNOnThVipe8ME2uE97bxGJectrDwvhkFyxJ8WwKqf8AkOlYgtXrvGcGlrhl5AZy2jJXMVzMI39ncjb4V5ZhOGXrmXJbZs5KrpAYgEkAnQnQ1o4MtWSlNtE+F4JeuIHULlO0noYqwvZq/vNv94/lR3s6rCwiFWzDMCCCCPE287UZTDhYztJH2Ry91cp1VEmFJy9DHp2VvGPHbEmNz/DT/wD4ncie8T7fX7DBfmTWyZBKlTsZiPjtVD9oywrbQdfW4rNP7rbdVpCtGRWrTdPngF47gZuAWs4zWg4zRv3aMSImfFlHpVax2eW3cOa6HKMPDljRrVu4Gkk/fiOqzPKtCFbvp++zR6NmU/Wm8PQXriF4VSE7wnYKiKpk8iQtRdpWMm5pOPqB+0PBw2D/AG0XPZu9z3eXQamTmnf3VlIO9b7Lmwxwarmtm+b2p11Mgcgqz16gVi+Ihw8MhSNlIiPcPrVoyXwo7Q4suO5Jwy7bEi6TlAkAaydoj8fKtrwrhl1stxVCCIGaDmXnqjHkI5R0Fee23AYEiQDqOo5itOeDXU1w2IZAdcuYrMxuV32G45b11SbKzqRhiXU1uIupaFrD53ti9cgsAsCR4STuVzZQx5D5C8Jx+8z90oypagEMNSwEXCIM5cwkSx33NR27QuFVu93IVS5uE5ZGrGRqCVnxDaZqQYFLDMoTKZIOpJ0P3juKQSvtKVqu2mprrwAe0XHLyYlodpKg8iJiNjsNtqy+OxV262a4zM3ny9ANB7qJdrD/ANS3+xfpQeKPkvSzBNnCOs1yfyrprlQdDnxpU7KelKgEVj+VKRJ09KltXRrmEz0Ma1xGgyfrGo+lAcDwCPT5VoexH+bc00yD60ASwWDMOWp15dfjp7xWi7F3D3jzuLYGwGmby+Pvq0eThqflM0+IshssiQDMcpG0jmJ1jqB0qM4IQ3ibM58TT4on2AY8K7jTXUmZM1aAFdArtY8nc0U2wai4hGnhyAAABQJIiB1+vrUqcRAbu5OYb+XTbb31Z06a8j0qVL6jVhBHM6adRy101rztTBqd+h9B+G1YypKKeVyCMcWdsmXTckj5Sd99vWtLYx/cYO3cYZrgAUAiWckyozNIUAAzA2FDruNzySIJHnHxKj5VT7V4m4L3clwq2lVVYdCqnNLaazv0ilDlmjUcI5x3jpxdg2SmUuRBFwufCwJ5AZeXv01puFIs4cJcgMg/wrUlWmSO9YSCCxLHlp60Jw95hfVi5YK6ASTrMz5dNqf2hYteUwRmUAfFvyrQ1cyJ2JMPjCpgkuI1USJP/EAT1mmm+z4gBAEhWVVGxY/WYHwqfgWHaGDJlUfa11JOx6jSoBgc19TrCw0+gEfMfCabVaxbc73JsFjGSM+x2ajYyXANJ+o9OtU8OggqwGUkgevT8vfT8PgVRgpJAZhljQgRcLa/u79Kw7PNY3OacL9Ce1hSjKwMhfZ00EnWea9agYJCr3kJmWdy3m5AEaCYEyNupp2GxNzwahi2Qa6av+yjfpmxA9AvOprbJcysUCzDCV3HUzoVOo5V080fiRhnp4yzTf6E6YqxbwmIhgT3gjbvGTMgBymCROsULtlbrgMAysdQdRqTpHQT/wAfOjF62v7PfTuwDcIZWVRC6gx1UDlvWZwF1bXgaWu6qCPZEwOkzvr0NWSju3dbWNVGLtteF9gX2i4QFebFtysxoCYgDcbg/LSr/BuIRatr3d1iNCQpgAEj2vIUVtiABv8ArenitsYNLk8SvqoVJPy4vjJTwOBJLZkF9nYsLbEAHLqi66A/LblNEMZOaSgQsASqmVBI8QXouadDttypttZPs5vKN6YqLAyW7loa+G4SWGp1Mk7xO+885rn8NVLui0peJpnJ9GYvtSv/AFB1+yKD92dtPjH1ot2sH/Ut/tX6UIV4GhOu4jT661MuTRR+XH6HFUiZBiPhtrTWipFczpp5j+WldzsdxPqPx3qDqR69KVPj/R//AF+dKgIkU7wYp7JzqOSBUi3NuccjQDVHlJ5Vpexv+dc6ZBHoGoBbXn8I02259Yo/2LH+Jc65B9atHk46j5TNcG/nTqatdiux4wS7PYbvLplM+VGcJMBiPZUnkCSKXEuG4m7clVIbn4IT0gxAB2Mz51RsXmUyrMpjdSR9Kl/vG9/5bn77fnXKpTc+pu02rjRVtt2X7PAFSWxbgAHRLasM56BiZcekDqYqLtBgLWItytkIdACDqQNpjflttHOqVzE3HILO7EDQsxMTvBPu+FNFxup+Jrn4El8LSNP/AGMH8UW/1Mrdt93eZiCIcHXcZSNjsQaLdpbguXLTWQTlJ9kEjQiNQPWifnz61xq6qn3M8td+VA1LN19QjryMFR8yQ3MVf4bgHBZrgBBECGJMyxk6ADciNalS4QNDThiWjQ/Smwj/AJl1ku/sSZYjc7SfzqBUytkPInI3UcxPWNDUBxL/AHjVTHY7KVzEmWJnp1P0rlWp+W/VGnR6lyqKmk3cN2MFazK8HQjQawVbBkazMqbS+W/pQrtDwhyLb2hpbtBSubxAG5cA09ZFWrV3OgKXDMciQT7vdv5ULxRuJne2WL3CoIY5goDSYDSSNWOXqZFck3KN/wB0bNzo1dvD6Pv6Mm4fw6+9u7cW+bZtQGtMp31kEFjB05iqdjCnNmcLPLLOp5kzz1q/aurcLtbLNDZW1kNoDIIPiAkjyM1yu1KEHlGTWa2urweE/fJykD0pwpRFaDyCO+dGMkAKZI3AgzEbGNvOKjwbSgh2ffxP7RklpOg66baRXcViAg/zFtsSMpbXWRBy7sBv7qZgh4AS2adZ116aHUelcOa30Ru+HSfVmQ7Vn/qW/wBi/Q0FzGjHawRiT/tWhcCdf1pSXJro/Lj9BpJnf507NryphGuldV5gedQdR+fy/XxrtP8A2Juh+NKgIMojeoxJqXDnly5mu3l002+Z0H50A9nCry10+H6FO4XxS5YJZMpLCDmBPOeRFV7oEAc/1/KmFelCGk1Zh7/5df8Au2/3T/FSPa+/0t/un+OghSFBP2tvQc/w+NRoN6nczn4FPsaAdq8RlzFbYEwPCdxuPa3iPiOtMHa/EHla+B/ioC7nkOe3691FOz/BBiDdz3CiWrYdyqh2bM6oqqpZRJLDUkAazTcx4FPsXV7W4mJi16Qfpmrh7W4j7tv91v4quv2SsJ+0i5ibithSmcfs4OZbhUWyJuiCSwkcvOn4bsph7gwuXFv/ANUzKk4cQuQgOSe95ctNY5U3MjwKfYHr2uxHS1+638VP/wDlOI6Wev6Gf5cqn4v2NfC2RduXVBa89sKRlGVc+W5mLbPkMCNo1oSOCXJ1KakLqToxKgIdPalgNJA1kiDU7mPApdgie0uJ6Wf108dNXtRf6Wv3T/FQy5wm6trvDGSATrJGbJlBHInOPg3Sn4ThNx8otlXLKGhc0gF+7kyoiGmYnYnpMbmT4FP8qL7dqsRO1r90/wAVMPaK5cKh1TLO4Bke8tVc8NuAI2kMAw1OxNoDcdbtvaRvrpUVrh7OTDLmFwW8pLSWYkLEKRBIPPl6UbbVmXpwjTkpRWUFcBxiHyzkdWIBBMHXz2ProflRHG8bKgMzw06iFg+gAmszi+GXVQ3bgy7SIaZIU6wuVT4h7RE8pqQ8IuZQzABSFOYnQhrbXZ8wqK0xqCANZFc9lndGuWoUo7ZxUu1y9Z4/nH+MoH+IrEoIkgmSwkk9ZGug0blo7PFg6PcPjBuAJkI8IYqPEQo1ElocL013rG/3S2gzoSSYALScqC5IOWIKMCNZ1AiZiwvBcQpLWmU6gFkfqzLB5kBlII9DqNaOGbrDM+GtsldBjG8QxVtmXNZbKYbwXBlkAgkt4QII586ls4nF53t3RbtuokoEZ7moJUBA8EkCdWEAE0DxuLv28udbbBk+yCucHTxFCufQQCJBGxO9R43tLiLlw3JW05UqTaBUwdWHtEwefXnS9TuU8Cj+UJ4/jrqpPeIxM5E7vYSuVzmkEMomJkH41Qt9qMRoqrb6ABWPyzdKCNdJmdSd6s8Gzd/aCEKxbKGIkLmBUtHPKCT7qtFbc9WTOEZJJrC4FjcW95+8ZdSs+FTGUEjNz03BNMVmG6kAAGcp0B9k9IPKtHg+GXWW0oa2M1q5Y1RpA73KT7WpnM3yqG1g7j2nGdFF79mtEZT92yQR4vaAcaayA+1SEklZAFrbAkFWGsQVMydh/ujWOdcsnWdTGulapMDdzr47euKL+w3tItwD7XskI2m4JGprKZhlgEQJPrrpPPahIQ/bz0X4n+KlQnN+opUBISfT+nlTNzFdVyDUlrmSBp031/nQEbkTSmnGI/X66VH50BM1yd4JgCegA0H0rl1IXzJ+X9abbGaTBgan6fUge+nE5gTrM/lQEDGrPDOKXrFzvLVwo0ZSd5U7qQwIZdBoQdhUKCmMKAIYnjF5++ZrrMb+XvdvHkIKTppBAiOgpuH4veU2slxh3BY2ojwFzLkacz1mq2Uj4f1rhH6FAErvHsQ6hbl9mCgZQ0fZTuxrH3JX3nnUP973gZFw6eQ/0+Wp8Kw24yjXSqIb4Gm5aCxZbiFwrkznKVCkTplBUqI8sq/ClYxVxfZYiAANdofOP+WtVQutPUkUBctY+6kZbhkDTbaEjcdEt/uqeVR4e+4PhaPEH35qTlaTzBJ+NMtWi86eyuY7bCB79SBTRc909KAnOLuZAhaV5AgdANCRI2XY/Gp24ndCoouNC7DksDKBB3GUsI6HzqK4bcwsso2JET10O35VC41MnWf0aAsXsRcIDZyZLHzllyt6SsCOkeVOfi16cxchhz/fB5c87z1zN1plnEDVfsn69fnUJMTrQD8RjXugd45JG0/y5+Z1PM1Xb9CnXFG42+nl50yNaAbNE+zltziFyLmZQxAJEeyVWZ3GZl0ofZu5TsD6+/XQjUb/AFmpCrLDaqTqCDGhkTI6x9aA2AxlwPayWWMNebRlP+YHu210MAgOp1Ouwmq+ELrkU2CW7yxBzLvatW26zOVLkEf+RteuRVB03pxtqdhQGwbGuxtxabW6bieJdQ63m010OUrPmsdKxds6Cusg6UooB+b/AE12mZqVAQcqkT8KVKgOHc/rnXTsPX8BSpUB0bfrqaks0qVARL7P66GkN6VKgHXNl9fxqMb++lSoDhp52rlKgGjf3138vwpUqAVv9fA1ylSoB9rf3H6Gu3t/fSpUB1dq621KlQHf51Gm4pUqA4d6au5/XSu0qA6N6efy/ClSoDnOuXOfrSpUAylSpUB//9k=",
248,Lill Durl,Just Cause Yall Waited 2 ,https://i1.sndcdn.com/artworks-zpzaEPT5gI7vEwoC-MltqZQ-t500x500.jpg,2020